{
  "ALL": {
    "monday": 1,
    "tuesday": 1,
    "wednesday": 1,
    "thursday": 1,
    "friday": 1,
    "saturday": 1,
    "sunday": 1,
    "start_date": 20200802,
    "end_date": 20201231
  },
  "MN": {
    "monday": 1,
    "tuesday": 1,
    "wednesday": 1,
    "thursday": 1,
    "friday": 1,
    "saturday": 0,
    "sunday": 0,
    "start_date": 20200802,
    "end_date": 20201231
  },
  "MN_H": {
    "monday": 1,
    "tuesday": 0,
    "wednesday": 0,
    "thursday": 0,
    "friday": 0,
    "saturday": 0,
    "sunday": 0,
    "start_date": 20200802,
    "end_date": 20201231
  },
  "MN_K_P": {
    "monday": 0,
    "tuesday": 1,
    "wednesday": 1,
    "thursday": 1,
    "friday": 1,
    "saturday": 0,
    "sunday": 0,
    "start_date": 20200802,
    "end_date": 20201231
  },
  "MN_TSZ": {
    "monday": 1,
    "tuesday": 1,
    "wednesday": 1,
    "thursday": 1,
    "friday": 1,
    "saturday": 0,
    "sunday": 0,
    "start_date": 20200802,
    "end_date": 20200831
  },
  "MN_IE": {
    "monday": 1,
    "tuesday": 1,
    "wednesday": 1,
    "thursday": 1,
    "friday": 1,
    "saturday": 0,
    "sunday": 0,
    "start_date": 20200901,
    "end_date": 20201231
  },
  "SZN": {
    "monday": 0,
    "tuesday": 0,
    "wednesday": 0,
    "thursday": 0,
    "friday": 0,
    "saturday": 1,
    "sunday": 0,
    "start_date": 20200802,
    "end_date": 20201231
  },
  "MSZN": {
    "monday": 0,
    "tuesday": 0,
    "wednesday": 0,
    "thursday": 0,
    "friday": 0,
    "saturday": 0,
    "sunday": 1,
    "start_date": 20200802,
    "end_date": 20201231
  },
  "SZ_MSZ": {
    "monday": 0,
    "tuesday": 0,
    "wednesday": 0,
    "thursday": 0,
    "friday": 0,
    "saturday": 1,
    "sunday": 1,
    "start_date": 20200802,
    "end_date": 20201231
  },
  "MSZ_AUCHAN_NY": {
    "monday": 0,
    "tuesday": 0,
    "wednesday": 0,
    "thursday": 0,
    "friday": 0,
    "saturday": 0,
    "sunday": 1,
    "start_date": 20200802,
    "end_date": 20201231
  }
}
